{
  "default": {
    "steps/api.step.ts": {
      "x": 10.889861384107931,
      "y": -60.57505072468109
    },
    "steps/noop.step.ts": {
      "x": 68.71335350270958,
      "y": -232.7730530681095
    },
    "steps/one.step.ts": {
      "x": -492.445765230312,
      "y": 80.67161961367015
    },
    "steps/two.step.ts": {
      "x": -501.41456166419016,
      "y": 301.01337295690934
    },
    "steps/sentiment.step.py": {
      "x": 32.62095617907248,
      "y": 145.80348347792372
    },
    "steps/positive-review.step.py": {
      "x": -313.6921160407658,
      "y": 315.11105229553294
    },
    "steps/negative-review.step.py": {
      "x": 388.9414750266151,
      "y": 314.3375733490629
    }
  },
  "openai": {
    "steps/sentiment.step.py": {
      "x": 0,
      "y": 0
    }
  }
}